Name,Roll,Score,Total
Student_1,24BCAR001,6,10
Student_2,24BCAR002,2,10
Student_3,24BCAR003,8,10
Student_4,24BCAR004,10,10
Student_5,24BCAR005,5,10
Student_6,24BCAR006,5,10
Student_7,24BCAR007,4,10
Student_8,24BCAR008,8,10
Student_9,24BCAR009,9,10
Student_10,24BCAR010,9,10
Student_11,24BCAR011,10,10
Student_12,24BCAR012,5,10
Student_13,24BCAR013,8,10
Student_14,24BCAR014,0,10
Student_15,24BCAR015,10,10
Student_16,24BCAR016,6,10
Student_17,24BCAR017,8,10
Student_18,24BCAR018,8,10
Student_19,24BCAR019,8,10
Student_20,24BCAR020,9,10
Student_21,24BCAR021,3,10
Student_22,24BCAR022,3,10
Student_23,24BCAR023,9,10
Student_24,24BCAR024,0,10
Student_25,24BCAR025,9,10
Student_26,24BCAR026,3,10
Student_27,24BCAR027,8,10
Student_28,24BCAR028,2,10
Student_29,24BCAR029,7,10
Student_30,24BCAR030,2,10
Student_31,24BCAR031,1,10
Student_32,24BCAR032,10,10
Student_33,24BCAR033,7,10
Student_34,24BCAR034,5,10
Student_35,24BCAR035,6,10
Student_36,24BCAR036,10,10
Student_37,24BCAR037,5,10
Student_38,24BCAR038,7,10
Student_39,24BCAR039,0,10
Student_40,24BCAR040,9,10
Student_41,24BCAR041,10,10
Student_42,24BCAR042,10,10
Student_43,24BCAR043,6,10
Student_44,24BCAR044,5,10
Student_45,24BCAR045,3,10
Student_46,24BCAR046,1,10
Student_47,24BCAR047,9,10
Student_48,24BCAR048,1,10
Student_49,24BCAR049,4,10
Student_50,24BCAR050,10,10
Student_51,24BCAR051,4,10
Student_52,24BCAR052,9,10
Student_53,24BCAR053,3,10
Student_54,24BCAR054,6,10
Student_55,24BCAR055,2,10
Student_56,24BCAR056,3,10
Student_57,24BCAR057,10,10
Student_58,24BCAR058,6,10
Student_59,24BCAR059,1,10
Student_60,24BCAR060,10,10
Student_61,24BCAR061,1,10
Student_62,24BCAR062,1,10
Student_63,24BCAR063,4,10
Student_64,24BCAR064,10,10
Student_65,24BCAR065,6,10
Student_66,24BCAR066,5,10
Student_67,24BCAR067,10,10
Student_68,24BCAR068,7,10
Student_69,24BCAR069,3,10
Student_70,24BCAR070,9,10
Student_71,24BCAR071,8,10
Student_72,24BCAR072,10,10
Student_73,24BCAR073,2,10
Student_74,24BCAR074,10,10
Student_75,24BCAR075,0,10
Student_76,24BCAR076,8,10
Student_77,24BCAR077,10,10
Student_78,24BCAR078,8,10
Student_79,24BCAR079,10,10
Student_80,24BCAR080,7,10
Student_81,24BCAR081,3,10
Student_82,24BCAR082,8,10
Student_83,24BCAR083,2,10
Student_84,24BCAR084,4,10
Student_85,24BCAR085,9,10
Student_86,24BCAR086,7,10
Student_87,24BCAR087,9,10
Student_88,24BCAR088,0,10
Student_89,24BCAR089,5,10
Student_90,24BCAR090,1,10
Student_91,24BCAR091,10,10
Student_92,24BCAR092,9,10
Student_93,24BCAR093,6,10
Student_94,24BCAR094,1,10
Student_95,24BCAR095,4,10
Student_96,24BCAR096,10,10
Student_97,24BCAR097,2,10
Student_98,24BCAR098,10,10
Student_99,24BCAR099,7,10
Student_100,24BCAR100,2,10
Student_101,24BCAR101,0,10
Student_102,24BCAR102,4,10
Student_103,24BCAR103,4,10
Student_104,24BCAR104,8,10
Student_105,24BCAR105,8,10
Student_106,24BCAR106,3,10
Student_107,24BCAR107,5,10
Student_108,24BCAR108,3,10
Student_109,24BCAR109,6,10
Student_110,24BCAR110,7,10
Student_111,24BCAR111,8,10
Student_112,24BCAR112,1,10
Student_113,24BCAR113,0,10
Student_114,24BCAR114,10,10
Student_115,24BCAR115,10,10
Student_116,24BCAR116,9,10
Student_117,24BCAR117,5,10
Student_118,24BCAR118,3,10
Student_119,24BCAR119,5,10
Student_120,24BCAR120,3,10
Student_121,24BCAR121,9,10
Student_122,24BCAR122,3,10
Student_123,24BCAR123,4,10
Student_124,24BCAR124,10,10
Student_125,24BCAR125,5,10
Student_126,24BCAR126,1,10
Student_127,24BCAR127,5,10
Student_128,24BCAR128,8,10
Student_129,24BCAR129,8,10
Student_130,24BCAR130,4,10
Student_131,24BCAR131,7,10
Student_132,24BCAR132,2,10
Student_133,24BCAR133,8,10
Student_134,24BCAR134,10,10
Student_135,24BCAR135,8,10
Student_136,24BCAR136,9,10
Student_137,24BCAR137,4,10
Student_138,24BCAR138,8,10
Student_139,24BCAR139,9,10
Student_140,24BCAR140,0,10
Student_141,24BCAR141,6,10
Student_142,24BCAR142,7,10
Student_143,24BCAR143,2,10
Student_144,24BCAR144,2,10
Student_145,24BCAR145,0,10
Student_146,24BCAR146,0,10
Student_147,24BCAR147,0,10
Student_148,24BCAR148,8,10
Student_149,24BCAR149,4,10
Student_150,24BCAR150,4,10
Student_151,24BCAR151,4,10
Student_152,24BCAR152,3,10
Student_153,24BCAR153,5,10
Student_154,24BCAR154,4,10
Student_155,24BCAR155,9,10
Student_156,24BCAR156,8,10
Student_157,24BCAR157,9,10
Student_158,24BCAR158,4,10
Student_159,24BCAR159,5,10
Student_160,24BCAR160,6,10
Student_161,24BCAR161,3,10
Student_162,24BCAR162,2,10
Student_163,24BCAR163,1,10
Student_164,24BCAR164,6,10
Student_165,24BCAR165,9,10
Student_166,24BCAR166,3,10
Student_167,24BCAR167,3,10
Student_168,24BCAR168,0,10
Student_169,24BCAR169,5,10
Student_170,24BCAR170,9,10
Student_171,24BCAR171,1,10
Student_172,24BCAR172,2,10
Student_173,24BCAR173,1,10
Student_174,24BCAR174,4,10
Student_175,24BCAR175,7,10
Student_176,24BCAR176,5,10
Student_177,24BCAR177,0,10
Student_178,24BCAR178,2,10
Student_179,24BCAR179,9,10
Student_180,24BCAR180,7,10
Student_181,24BCAR181,6,10
Student_182,24BCAR182,1,10
Student_183,24BCAR183,8,10
Student_184,24BCAR184,2,10
Student_185,24BCAR185,7,10
Student_186,24BCAR186,5,10
Student_187,24BCAR187,6,10
Student_188,24BCAR188,2,10
Student_189,24BCAR189,0,10
Student_190,24BCAR190,7,10
Student_191,24BCAR191,10,10
Student_192,24BCAR192,3,10
Student_193,24BCAR193,3,10
Student_194,24BCAR194,2,10
Student_195,24BCAR195,2,10
Student_196,24BCAR196,1,10
Student_197,24BCAR197,8,10
Student_198,24BCAR198,4,10
Student_199,24BCAR199,1,10
Student_200,24BCAR200,1,10
Student_201,24BCAR201,4,10
Student_202,24BCAR202,3,10
Student_203,24BCAR203,9,10
Student_204,24BCAR204,6,10
Student_205,24BCAR205,0,10
Student_206,24BCAR206,3,10
Student_207,24BCAR207,3,10
Student_208,24BCAR208,2,10
Student_209,24BCAR209,9,10
Student_210,24BCAR210,8,10
Student_211,24BCAR211,4,10
Student_212,24BCAR212,10,10
Student_213,24BCAR213,0,10
Student_214,24BCAR214,1,10
Student_215,24BCAR215,3,10
Student_216,24BCAR216,6,10
Student_217,24BCAR217,7,10
Student_218,24BCAR218,5,10
Student_219,24BCAR219,6,10
Student_220,24BCAR220,6,10
Student_221,24BCAR221,8,10
Student_222,24BCAR222,10,10
Student_223,24BCAR223,9,10
Student_224,24BCAR224,5,10
Student_225,24BCAR225,6,10
Student_226,24BCAR226,9,10
Student_227,24BCAR227,7,10
Student_228,24BCAR228,6,10
Student_229,24BCAR229,0,10
Student_230,24BCAR230,4,10
Student_231,24BCAR231,7,10
Student_232,24BCAR232,2,10
Student_233,24BCAR233,2,10
Student_234,24BCAR234,5,10
Student_235,24BCAR235,4,10
Student_236,24BCAR236,4,10
Student_237,24BCAR237,6,10
Student_238,24BCAR238,10,10
Student_239,24BCAR239,0,10
Student_240,24BCAR240,10,10
Student_241,24BCAR241,2,10
Student_242,24BCAR242,2,10
Student_243,24BCAR243,9,10
Student_244,24BCAR244,10,10
Student_245,24BCAR245,2,10
Student_246,24BCAR246,9,10
Student_247,24BCAR247,8,10
Student_248,24BCAR248,0,10
Student_249,24BCAR249,3,10
Student_250,24BCAR250,10,10
Student_251,24BCAR251,4,10
Student_252,24BCAR252,9,10
Student_253,24BCAR253,10,10
Student_254,24BCAR254,2,10
Student_255,24BCAR255,0,10
Student_256,24BCAR256,0,10
Student_257,24BCAR257,5,10
Student_258,24BCAR258,3,10
Student_259,24BCAR259,6,10
Student_260,24BCAR260,0,10
Student_261,24BCAR261,1,10
Student_262,24BCAR262,2,10
Student_263,24BCAR263,3,10
Student_264,24BCAR264,5,10
Student_265,24BCAR265,3,10
Student_266,24BCAR266,9,10
Student_267,24BCAR267,5,10
Student_268,24BCAR268,3,10
Student_269,24BCAR269,0,10
Student_270,24BCAR270,5,10
Student_271,24BCAR271,3,10
Student_272,24BCAR272,2,10
Student_273,24BCAR273,8,10
Student_274,24BCAR274,7,10
Student_275,24BCAR275,0,10
Student_276,24BCAR276,3,10
Student_277,24BCAR277,6,10
Student_278,24BCAR278,4,10
Student_279,24BCAR279,6,10
Student_280,24BCAR280,2,10
Student_281,24BCAR281,9,10
Student_282,24BCAR282,10,10
Student_283,24BCAR283,8,10
Student_284,24BCAR284,3,10
Student_285,24BCAR285,5,10
Student_286,24BCAR286,2,10
Student_287,24BCAR287,5,10
Student_288,24BCAR288,5,10
Student_289,24BCAR289,2,10
Student_290,24BCAR290,5,10
Student_291,24BCAR291,5,10
Student_292,24BCAR292,10,10
Student_293,24BCAR293,3,10
Student_294,24BCAR294,0,10
Student_295,24BCAR295,8,10
Student_296,24BCAR296,4,10
Student_297,24BCAR297,2,10
Student_298,24BCAR298,9,10
Student_299,24BCAR299,10,10
Student_300,24BCAR300,10,10
